ID,RP,DATA_INGRESSO,UF,Relator,DATA_SAIDA,TEMA,AMBITO,RECREQ,RESULTADO,VOTACAO,COMPOSICAO,ThompsonFlores,DjaciFalcao,AntonioNeder,RodriguesAlckmin,XavierAlbuquerque,LeitaoAbreu,CordeiroGuerra,MoreiraAlves,CunhaPeixoto,SoaresMunoz,DecioMiranda,RafaelMayer,ClovisRamalhete,FirminoPaz,NeriSilveira,AlfredoBuzaid,OscarCorrea,AldirPassarinho,FranciscoRezek,SydneySanches,OctavioGallotti,CarlosMadeira,CelioBorja,PauloBrossard,SepulvedaPertence,CelsodeMello,CarlosVelloso,MarcoAurelio,IlmarGalvao,VOTOS
8,996,03.05.1978,MA,DJACI FALCAO,13.06.1979,Adm Justica,Judicial,PJ,PROCEDENTE EM PARTE,POR MAIORIA,2,PROCEDENTE EM PARTE,PROCEDENTE EM PARTE,PROCEDENTE EM PARTE,NI,PROCEDENTE,AU,PROCEDENTE EM PARTE,PROCEDENTE EM PARTE,PROCEDENTE EM PARTE,PROCEDENTE,PROCEDENTE EM PARTE,PROCEDENTE EM PARTE,NI,NI,NI,NI,NI,NI,NI,NI,NI,NI,NI,NI,NI,NI,NI,NI,NI,10
9,997,08.05.1978,GO,RAFAEL MAYER,06.05.1981,Adm Justica,Estadual,GOVERNO ESTADUAL,IMPROCEDENTE,POR MAIORIA,3,NI,IMPROCEDENTE,IMPROCEDENTE,NI,AU,PROCEDENTE,IMPROCEDENTE,IMPROCEDENTE,PROCEDENTE,PROCEDENTE,IMPROCEDENTE,IMPROCEDENTE,PROCEDENTE,NI,NI,NI,NI,NI,NI,NI,NI,NI,NI,NI,NI,NI,NI,NI,NI,10
12,1000,19.06.1978,DF,DECIO MIRANDA,20.05.1981,Sociedade civil,Federal,GOVERNO FEDERAL,IMPROCEDENTE,POR MAIORIA,3,NI,IMPROCEDENTE,IMPROCEDENTE,NI,IMPROCEDENTE,IMPROCEDENTE,IMPROCEDENTE,IMPROCEDENTE,IMPROCEDENTE,IMPROCEDENTE,PROCEDENTE,IMPROCEDENTE,PROCEDENTE,NI,NI,NI,NI,NI,NI,NI,NI,NI,NI,NI,NI,NI,NI,NI,NI,11
13,1001,19.06.1978,PB,CORDEIRO GUERRA,28.06.1979,Sociedade civil,Estadual,EXECUTIVO ESTADUAL,PROCEDENTE EM PARTE,POR MAIORIA,2,PROCEDENTE EM PARTE,PROCEDENTE EM PARTE,PROCEDENTE EM PARTE,NI,PROCEDENTE EM PARTE,AU,PROCEDENTE,PROCEDENTE EM PARTE,PROCEDENTE EM PARTE,PROCEDENTE EM PARTE,PROCEDENTE EM PARTE,PROCEDENTE EM PARTE,NI,NI,NI,NI,NI,NI,NI,NI,NI,NI,NI,NI,NI,NI,NI,NI,NI,10
14,1002,05.07.1978,SP,FRANCISCO REZEK,03.06.1987,Adm Publica,Estadual,LEGISLATIVO ESTADUAL,IMPROCEDENTE,POR MAIORIA,12,NI,PROCEDENTE,NI,NI,NI,NI,PROCEDENTE,PROCEDENTE,NI,NI,IMPROCEDENTE,IMPROCEDENTE,NI,NI,PROCEDENTE,NI,IMPROCEDENTE,IMPROCEDENTE,IMPROCEDENTE,IMPROCEDENTE,IMPROCEDENTE,AU,AU,NI,NI,NI,NI,NI,NI,11
18,1006,01.08.1978,RJ,LEITAO DE ABREU,29.11.1989,Adm Justica,Judicial,PJ,PROCEDENTE,POR MAIORIA,13,NI,NI,NI,NI,NI,NI,NI,PROCEDENTE,NI,NI,NI,NI,NI,NI,IMPROCEDENTE,NI,AU,PROCEDENTE,PROCEDENTE,IMPROCEDENTE,IMPROCEDENTE,PROCEDENTE,PROCEDENTE,IMPROCEDENTE,PROCEDENTE,PROCEDENTE,NI,NI,NI,11
33,1021,27.08.1979,RJ,DJACI FALCAO,25.04.1984,Adm Publica,Estadual,LEGISLATIVO ESTADUAL,IMPROCEDENTE,POR MAIORIA,8,NI,IMPROCEDENTE,NI,NI,NI,NI,IMPROCEDENTE,IMPROCEDENTE,NI,IMPROCEDENTE,IMPROCEDENTE,IMPROCEDENTE,PROCEDENTE,NI,IMPROCEDENTE,IMPROCEDENTE,NI,IMPROCEDENTE,IMPROCEDENTE,NI,NI,NI,NI,NI,NI,NI,NI,NI,NI,11
38,1026,08.10.1979,RJ,MOREIRA ALVES,26.11.1980,Federalismo,Estadual,GOVERNO ESTADUAL,IMPROCEDENTE,POR MAIORIA,2,IMPROCEDENTE,IMPROCEDENTE,AU,NI,PROCEDENTE,PROCEDENTE,IMPROCEDENTE,IMPROCEDENTE,AU,IMPROCEDENTE,IMPROCEDENTE,IMPROCEDENTE,NI,NI,NI,NI,NI,NI,NI,NI,NI,NI,NI,NI,NI,NI,NI,NI,NI,9
42,1030,12.12.1979,GO,CUNHA PEIXOTO,16.10.1980,Agentes Justica,Estadual,LEGISLATIVO ESTADUAL,PROCEDENTE,POR MAIORIA,2,PROCEDENTE,PROCEDENTE,AU,NI,IMPROCEDENTE,AU,PROCEDENTE,PROCEDENTE,PROCEDENTE,PROCEDENTE,PROCEDENTE,PROCEDENTE,NI,NI,NI,NI,NI,NI,NI,NI,NI,NI,NI,NI,NI,NI,NI,NI,NI,9
46,1034,16.01.1980,SP,SOARES MUNOZ,13.08.1980,Agentes Publicos,Estadual,LEGISLATIVO ESTADUAL,PROCEDENTE,POR MAIORIA,2,PROCEDENTE,PROCEDENTE,AU,NI,IMPROCEDENTE,PROCEDENTE,PROCEDENTE,PROCEDENTE,PROCEDENTE,PROCEDENTE,PROCEDENTE,PROCEDENTE,NI,NI,NI,NI,NI,NI,NI,NI,NI,NI,NI,NI,NI,NI,NI,NI,NI,10
47,1035,04.03.1980,SP,NERI DA SILVEIRA,13.08.1986,Agentes Publicos,Estadual,LEGISLATIVO ESTADUAL,PROCEDENTE EM PARTE,POR MAIORIA,12,NI,PROCEDENTE EM PARTE,NI,NI,NI,NI,NI,PROCEDENTE EM PARTE,NI,NI,NI,IMPROCEDENTE,NI,NI,IMPROCEDENTE,NI,IMPROCEDENTE,PROCEDENTE EM PARTE,PROCEDENTE EM PARTE,PROCEDENTE EM PARTE,IMPROCEDENTE,PROCEDENTE EM PARTE,AU,NI,NI,NI,NI,NI,NI,10
52,1040,20.03.1980,DF,MOREIRA ALVES,19.12.1980,Sociedade civil,Federal,GOVERNO FEDERAL,IMPROCEDENTE,POR MAIORIA,2,IMPROCEDENTE,IMPROCEDENTE,AU,NI,IMPROCEDENTE,IMPROCEDENTE,IMPROCEDENTE,IMPROCEDENTE,IMPROCEDENTE,IMPROCEDENTE,IMPROCEDENTE,IMPROCEDENTE,NI,NI,NI,NI,NI,NI,NI,NI,NI,NI,NI,NI,NI,NI,NI,NI,NI,10
53,1041,20.03.1980,SP,XAVIER DE ALBUQUERQUE,01.10.1980,Agentes Justica,Estadual,LEGISLATIVO ESTADUAL,PROCEDENTE EM PARTE,POR MAIORIA,2,PROCEDENTE EM PARTE,PROCEDENTE EM PARTE,IMPROCEDENTE,NI,PROCEDENTE EM PARTE,PROCEDENTE EM PARTE,IMPROCEDENTE,AU,PROCEDENTE EM PARTE,PROCEDENTE EM PARTE,PROCEDENTE EM PARTE,PROCEDENTE EM PARTE,NI,NI,NI,NI,NI,NI,NI,NI,NI,NI,NI,NI,NI,NI,NI,NI,NI,10
55,1043,14.04.1980,MA,CUNHA PEIXOTO,29.04.1981,Adm Justica,Estadual,GOVERNO ESTADUAL,PROCEDENTE,POR MAIORIA,3,NI,PROCEDENTE,PROCEDENTE,NI,PROCEDENTE,PROCEDENTE,PROCEDENTE,PROCEDENTE,IMPROCEDENTE,PROCEDENTE,IMPROCEDENTE,IMPROCEDENTE,IMPROCEDENTE,NI,NI,NI,NI,NI,NI,NI,NI,NI,NI,NI,NI,NI,NI,NI,NI,11
60,1048,11.06.1980,PB,DJACI FALCAO,04.11.1981,Sociedade civil,Estadual,LEGISLATIVO ESTADUAL,IMPROCEDENTE,POR MAIORIA,5,NI,IMPROCEDENTE,NI,NI,IMPROCEDENTE,NI,IMPROCEDENTE,PROCEDENTE,PROCEDENTE,IMPROCEDENTE,IMPROCEDENTE,IMPROCEDENTE,IMPROCEDENTE,IMPROCEDENTE,IMPROCEDENTE,NI,NI,NI,NI,NI,NI,NI,NI,NI,NI,NI,NI,NI,NI,11
66,1054,25.08.1980,DF,NERI DA SILVEIRA,04.04.1984,Agentes Justica,Federal,GOVERNO FEDERAL,PROCEDENTE,POR MAIORIA,8,NI,PROCEDENTE,NI,NI,NI,NI,PROCEDENTE,PROCEDENTE,NI,PROCEDENTE,PROCEDENTE,PROCEDENTE,NI,NI,IMPROCEDENTE,PROCEDENTE,IMPROCEDENTE,AU,IMPROCEDENTE,NI,NI,NI,NI,NI,NI,NI,NI,NI,NI,10
78,1066,01.12.1980,ES,DJACI FALCAO,02.03.1983,Adm Justica,Estadual,GOVERNO ESTADUAL,PROCEDENTE EM PARTE,POR MAIORIA,7,NI,PROCEDENTE,NI,NI,NI,NI,PROCEDENTE EM PARTE,PROCEDENTE EM PARTE,NI,PROCEDENTE EM PARTE,PROCEDENTE EM PARTE,PROCEDENTE EM PARTE,NI,NI,PROCEDENTE EM PARTE,PROCEDENTE EM PARTE,PROCEDENTE,PROCEDENTE,NI,NI,NI,NI,NI,NI,NI,NI,NI,NI,NI,10
83,1071,18.12.1980,GO,CORDEIRO GUERRA,23.09.1981,Federalismo,Estadual,GOVERNO ESTADUAL,IMPROCEDENTE,POR MAIORIA,5,NI,IMPROCEDENTE,NI,NI,IMPROCEDENTE,NI,PROCEDENTE,IMPROCEDENTE,PROCEDENTE,IMPROCEDENTE,IMPROCEDENTE,IMPROCEDENTE,IMPROCEDENTE,IMPROCEDENTE,IMPROCEDENTE,NI,NI,NI,NI,NI,NI,NI,NI,NI,NI,NI,NI,NI,NI,11
85,1073,12.02.1981,RS,RAFAEL MAYER,18.08.1982,Adm Justica,Estadual,GOVERNO ESTADUAL,IMPROCEDENTE,POR MAIORIA,6,NI,IMPROCEDENTE,NI,NI,IMPROCEDENTE,NI,IMPROCEDENTE,PROCEDENTE,NI,IMPROCEDENTE,PROCEDENTE,IMPROCEDENTE,NI,NI,IMPROCEDENTE,AU,AU,NI,NI,NI,NI,NI,NI,NI,NI,NI,NI,NI,NI,8
87,1075,23.02.1981,SP,NERI DA SILVEIRA,03.12.1981,Adm Justica,Judicial,PJ,IMPROCEDENTE,POR MAIORIA,5,NI,IMPROCEDENTE,NI,NI,IMPROCEDENTE,NI,IMPROCEDENTE,IMPROCEDENTE,IMPROCEDENTE,IMPROCEDENTE,IMPROCEDENTE,PROCEDENTE,IMPROCEDENTE,IMPROCEDENTE,PROCEDENTE,NI,NI,NI,NI,NI,NI,NI,NI,NI,NI,NI,NI,NI,NI,11
97,1085,25.03.1981,GO,ALDIR PASSARINHO,31.05.1989,Adm Justica,Estadual,GOVERNO ESTADUAL,PREJUDICADA,POR MAIORIA,13,NI,NI,NI,NI,NI,NI,NI,AU,NI,NI,NI,NI,NI,NI,PREJUDICADA,NI,PROCEDENTE,PREJUDICADA,AU,PREJUDICADA,PREJUDICADA,PREJUDICADA,PROCEDENTE,NI,PREJUDICADA,NI,NI,NI,NI,8
98,1086,09.04.1981,RJ,DECIO MIRANDA,03.11.1982,Agentes Publicos,Estadual,EXECUTIVO ESTADUAL,IMPROCEDENTE,POR MAIORIA,7,NI,PROCEDENTE,NI,NI,IMPROCEDENTE,NI,IMPROCEDENTE,IMPROCEDENTE,NI,IMPROCEDENTE,IMPROCEDENTE,IMPROCEDENTE,NI,NI,IMPROCEDENTE,IMPROCEDENTE,PROCEDENTE,AU,NI,NI,NI,NI,NI,NI,NI,NI,NI,NI,NI,10
100,1088,05.05.1981,SP,RAFAEL MAYER,27.04.1983,Sociedade civil,Estadual,LEGISLATIVO ESTADUAL,PROCEDENTE,POR MAIORIA,8,NI,PROCEDENTE,NI,NI,NI,NI,IMPROCEDENTE,PROCEDENTE,NI,IMPROCEDENTE,PROCEDENTE,PROCEDENTE,NI,NI,AU,PROCEDENTE,PROCEDENTE,PROCEDENTE,PROCEDENTE,NI,NI,NI,NI,NI,NI,NI,NI,NI,NI,10
104,1092,21.02.1985,DF,DJACI FALCAO,31.10.1984,Adm Justica,Judicial,PJ,PROCEDENTE,POR MAIORIA,9,NI,PROCEDENTE,NI,NI,NI,NI,AU,PROCEDENTE,NI,PROCEDENTE,AU,PROCEDENTE,NI,NI,IMPROCEDENTE,PROCEDENTE,IMPROCEDENTE,IMPROCEDENTE,PROCEDENTE,NI,NI,NI,NI,NI,NI,NI,NI,NI,NI,9
106,1094,15.06.1981,SP,SOARES MUNOZ,08.08.1984,Adm Justica,Estadual,EXECUTIVO ESTADUAL,PROCEDENTE,POR MAIORIA,8,NI,PROCEDENTE,NI,NI,NI,NI,AU,PROCEDENTE,NI,IMPROCEDENTE,PROCEDENTE,PROCEDENTE,NI,NI,PROCEDENTE,NI,PROCEDENTE,AU,PROCEDENTE,NI,NI,NI,NI,NI,NI,NI,NI,NI,NI,8
108,1096,31.08.1981,PR,DJACI FALCAO,05.04.1984,Agentes Publicos,Estadual,GOVERNO ESTADUAL,PROCEDENTE,POR MAIORIA,8,NI,PROCEDENTE,NI,NI,NI,NI,PROCEDENTE,PROCEDENTE,NI,PROCEDENTE,PROCEDENTE,PROCEDENTE,NI,NI,PROCEDENTE,AU,IMPROCEDENTE,AU,PROCEDENTE,NI,NI,NI,NI,NI,NI,NI,NI,NI,NI,9
112,1100,18.09.1981,AM,FRANCISCO REZEK,15.03.1984,Sociedade civil,Estadual,GOVERNO ESTADUAL,PROCEDENTE,POR MAIORIA,8,NI,PROCEDENTE,NI,NI,NI,NI,AU,PROCEDENTE,NI,PROCEDENTE,IMPROCEDENTE,PROCEDENTE,NI,NI,IMPROCEDENTE,PROCEDENTE,PROCEDENTE,PROCEDENTE,PROCEDENTE,NI,NI,NI,NI,NI,NI,NI,NI,NI,NI,10
113,1101,07.10.1981,SP,ALFREDO BUZAID,18.08.1982,Adm Publica,Estadual,LEGISLATIVO ESTADUAL,PROCEDENTE,POR MAIORIA,6,NI,PROCEDENTE,NI,NI,IMPROCEDENTE,NI,PROCEDENTE,PROCEDENTE,NI,PROCEDENTE,PROCEDENTE,PROCEDENTE,NI,NI,PROCEDENTE,PROCEDENTE,IMPROCEDENTE,NI,NI,NI,NI,NI,NI,NI,NI,NI,NI,NI,NI,10
119,1107,03.11.1981,SE,MOREIRA ALVES,18.05.1983,Adm Justica,Estadual,GOVERNO ESTADUAL,PROCEDENTE,POR MAIORIA,8,NI,PROCEDENTE,NI,NI,NI,NI,PROCEDENTE,PROCEDENTE,NI,PROCEDENTE,PROCEDENTE,PROCEDENTE,NI,NI,PROCEDENTE,PROCEDENTE,IMPROCEDENTE,PROCEDENTE,PROCEDENTE,NI,NI,NI,NI,NI,NI,NI,NI,NI,NI,11
120,1108,05.11.1981,MG,DECIO MIRANDA,28.08.1986,Agentes Publicos,Estadual,GOVERNO ESTADUAL,IMPROCEDENTE,POR MAIORIA,12,NI,PROCEDENTE EM PARTE,NI,NI,NI,NI,NI,PROCEDENTE EM PARTE,NI,NI,NI,PROCEDENTE EM PARTE,NI,NI,PROCEDENTE EM PARTE,NI,IMPROCEDENTE,PROCEDENTE EM PARTE,IMPROCEDENTE,IMPROCEDENTE,IMPROCEDENTE,IMPROCEDENTE,IMPROCEDENTE,NI,NI,NI,NI,NI,NI,11
123,1111,20.11.1981,MS,CORDEIRO GUERRA,09.06.1982,Economia,Estadual,GOVERNO ESTADUAL,PROCEDENTE,POR MAIORIA,6,NI,PROCEDENTE,NI,NI,PROCEDENTE,NI,PROCEDENTE EM PARTE,PROCEDENTE,NI,PROCEDENTE,PROCEDENTE EM PARTE,PROCEDENTE,NI,PROCEDENTE,AU,PROCEDENTE,PROCEDENTE,NI,NI,NI,NI,NI,NI,NI,NI,NI,NI,NI,NI,10
124,1112,09.12.1981,RJ,RAFAEL MAYER,10.11.1983,Agentes Publicos,Estadual,GOVERNO ESTADUAL,IMPROCEDENTE,POR MAIORIA,8,NI,IMPROCEDENTE,NI,NI,NI,NI,IMPROCEDENTE,IMPROCEDENTE,NI,IMPROCEDENTE,PROCEDENTE,IMPROCEDENTE,NI,NI,PROCEDENTE,IMPROCEDENTE,IMPROCEDENTE,IMPROCEDENTE,IMPROCEDENTE,NI,NI,NI,NI,NI,NI,NI,NI,NI,NI,11
125,1113,16.12.1981,SE,MOREIRA ALVES,03.08.1983,Adm Publica,Estadual,GOVERNO ESTADUAL,PROCEDENTE EM PARTE,POR MAIORIA,8,NI,PROCEDENTE EM PARTE,NI,NI,NI,NI,PROCEDENTE EM PARTE,PROCEDENTE EM PARTE,NI,AU,PROCEDENTE EM PARTE,PROCEDENTE EM PARTE,NI,NI,PROCEDENTE EM PARTE,PROCEDENTE EM PARTE,IMPROCEDENTE,PROCEDENTE EM PARTE,PROCEDENTE EM PARTE,NI,NI,NI,NI,NI,NI,NI,NI,NI,NI,10
130,1118,11.03.1982,RS,NERI DA SILVEIRA,02.02.1983,Agentes Publicos,Estadual,GOVERNO ESTADUAL,PROCEDENTE,POR MAIORIA,7,NI,PROCEDENTE,NI,NI,PROCEDENTE,NI,PROCEDENTE,PROCEDENTE,NI,PROCEDENTE,PROCEDENTE,PROCEDENTE,NI,NI,PROCEDENTE,PROCEDENTE,PROCEDENTE,PROCEDENTE,NI,NI,NI,NI,NI,NI,NI,NI,NI,NI,NI,11
135,1123,14.04.1982,RJ,RAFAEL MAYER,10.11.1983,Agentes Publicos,Estadual,GOVERNO ESTADUAL,IMPROCEDENTE,POR MAIORIA,8,NI,IMPROCEDENTE,NI,NI,NI,NI,AU,IMPROCEDENTE,NI,IMPROCEDENTE,PROCEDENTE,IMPROCEDENTE,NI,NI,PROCEDENTE,IMPROCEDENTE,IMPROCEDENTE,IMPROCEDENTE,IMPROCEDENTE,NI,NI,NI,NI,NI,NI,NI,NI,NI,NI,10
137,1125,14.04.1982,SP,CORDEIRO GUERRA,09.12.1982,Politica fiscal,Estadual,LEGISLATIVO ESTADUAL,PROCEDENTE,POR MAIORIA,7,NI,PROCEDENTE,NI,NI,IMPROCEDENTE,NI,PROCEDENTE,PROCEDENTE,NI,PROCEDENTE,PROCEDENTE,PROCEDENTE,NI,NI,PROCEDENTE,PROCEDENTE,PROCEDENTE,PROCEDENTE,NI,NI,NI,NI,NI,NI,NI,NI,NI,NI,NI,11
151,1139,04.08.1982,BA,ALFREDO BUZAID,09.04.1986,Adm Justica,Estadual,GOVERNO ESTADUAL,PROCEDENTE,POR MAIORIA,11,NI,PROCEDENTE,NI,NI,NI,NI,NI,PROCEDENTE,NI,NI,NI,IMPROCEDENTE,NI,NI,PROCEDENTE,PROCEDENTE,PROCEDENTE,PROCEDENTE,PROCEDENTE,NI,NI,NI,NI,NI,NI,NI,NI,NI,NI,8
161,1149,26.11.1982,MG,DECIO MIRANDA,23.06.1983,Agentes Publicos,Estadual,GOVERNO ESTADUAL,PROCEDENTE,POR MAIORIA,8,NI,PROCEDENTE,NI,NI,NI,NI,AU,PROCEDENTE,NI,PROCEDENTE,PROCEDENTE,PROCEDENTE,NI,NI,PROCEDENTE,PROCEDENTE,PROCEDENTE,PROCEDENTE,PROCEDENTE,NI,NI,NI,NI,NI,NI,NI,NI,NI,NI,10
162,1150,26.11.1982,RS,ALDIR PASSARINHO,16.05.1985,Economia,Estadual,EXECUTIVO ESTADUAL,PROCEDENTE EM PARTE,POR MAIORIA,10,NI,PROCEDENTE EM PARTE,NI,NI,NI,NI,PROCEDENTE EM PARTE,PROCEDENTE EM PARTE,NI,NI,PROCEDENTE EM PARTE,PROCEDENTE EM PARTE,NI,NI,IMPROCEDENTE,NI,PROCEDENTE EM PARTE,PROCEDENTE EM PARTE,IMPROCEDENTE,AU,AU,NI,NI,NI,NI,NI,NI,NI,NI,9
165,1153,28.03.1985,RS,ALDIR PASSARINHO,16.05.1985,Economia,Estadual,GOVERNO ESTADUAL,PROCEDENTE EM PARTE,POR MAIORIA,10,NI,PROCEDENTE EM PARTE,NI,NI,NI,NI,PROCEDENTE,PROCEDENTE,NI,NI,PROCEDENTE,PROCEDENTE EM PARTE,NI,NI,PROCEDENTE EM PARTE,NI,PROCEDENTE EM PARTE,PROCEDENTE EM PARTE,PROCEDENTE EM PARTE,PROCEDENTE EM PARTE,PROCEDENTE EM PARTE,NI,NI,NI,NI,NI,NI,NI,NI,10
175,1163,24.06.1983,PI,FRANCISCO REZEK,21.11.1984,Adm Publica,Estadual,EXECUTIVO ESTADUAL,IMPROCEDENTE,POR MAIORIA,10,NI,IMPROCEDENTE,NI,NI,NI,NI,IMPROCEDENTE,PROCEDENTE,NI,NI,AU,IMPROCEDENTE,NI,NI,PROCEDENTE,NI,IMPROCEDENTE,PROCEDENTE,IMPROCEDENTE,AU,AU,NI,NI,NI,NI,NI,NI,NI,NI,8
176,1164,29.06.1983,MG,RAFAEL MAYER,09.05.1985,Adm Publica,Estadual,EXECUTIVO ESTADUAL,IMPROCEDENTE,POR MAIORIA,10,NI,IMPROCEDENTE,NI,NI,NI,NI,AU,IMPROCEDENTE,NI,NI,PROCEDENTE,IMPROCEDENTE,NI,NI,IMPROCEDENTE,NI,PROCEDENTE,IMPROCEDENTE,NAO CONHECIDA,IMPROCEDENTE,NAO CONHECIDA,NI,NI,NI,NI,NI,NI,NI,NI,10
182,1170,20.09.1983,RJ,DJACI FALCAO,15.12.1983,Adm Publica,Estadual,GOVERNO ESTADUAL,PROCEDENTE,POR MAIORIA,8,NI,PROCEDENTE,NI,NI,NI,NI,PROCEDENTE,AU,NI,PROCEDENTE,PROCEDENTE,PROCEDENTE,NI,NI,PROCEDENTE,PROCEDENTE,PROCEDENTE,PROCEDENTE,PROCEDENTE,NI,NI,NI,NI,NI,NI,NI,NI,NI,NI,10
196,1184,16.03.1984,SP,ALDIR PASSARINHO,26.11.1986,Adm Justica,Judicial,OUTRO,IMPROCEDENTE,POR MAIORIA,12,NI,IMPROCEDENTE,NI,NI,NI,NI,NI,IMPROCEDENTE,NI,NI,NI,IMPROCEDENTE,NI,NI,IMPROCEDENTE,NI,IMPROCEDENTE,PROCEDENTE,IMPROCEDENTE,IMPROCEDENTE,IMPROCEDENTE,IMPROCEDENTE,AU,NI,NI,NI,NI,NI,NI,10
237,1225,22.11.1984,PR,RAFAEL MAYER,27.05.1985,Agentes Justica,Estadual,GOVERNO ESTADUAL,PROCEDENTE,POR MAIORIA,10,NI,PROCEDENTE,NI,NI,NI,NI,PROCEDENTE,AU,NI,NI,PROCEDENTE,PROCEDENTE,NI,NI,PROCEDENTE,NI,PROCEDENTE,PROCEDENTE,IMPROCEDENTE,PROCEDENTE,PROCEDENTE,NI,NI,NI,NI,NI,NI,NI,NI,10
247,1235,12.02.1985,SP,ALDIR PASSARINHO,05.02.1986,Adm Publica,Estadual,GOVERNO ESTADUAL,IMPROCEDENTE,POR MAIORIA,11,NI,IMPROCEDENTE,NI,NI,NI,NI,IMPROCEDENTE,PROCEDENTE,NI,NI,NI,IMPROCEDENTE,NI,NI,PROCEDENTE,NI,IMPROCEDENTE,IMPROCEDENTE,IMPROCEDENTE,IMPROCEDENTE,IMPROCEDENTE,AU,NI,NI,NI,NI,NI,NI,NI,10
251,1239,04.03.1985,MT,NERI DA SILVEIRA,02.12.1987,Adm Justica,Estadual,GOVERNO ESTADUAL,PROCEDENTE EM PARTE,POR MAIORIA,12,NI,PROCEDENTE EM PARTE,NI,NI,NI,NI,NI,PROCEDENTE EM PARTE,NI,NI,NI,PROCEDENTE EM PARTE,NI,NI,PROCEDENTE,NI,PROCEDENTE EM PARTE,PROCEDENTE EM PARTE,PROCEDENTE EM PARTE,PROCEDENTE EM PARTE,PROCEDENTE EM PARTE,PROCEDENTE EM PARTE,PROCEDENTE EM PARTE,NI,NI,NI,NI,NI,NI,11
258,1246,11.03.1985,PR,RAFAEL MAYER,11.06.1986,Economia,Estadual,GOVERNO ESTADUAL,PROCEDENTE EM PARTE,POR MAIORIA,12,NI,PROCEDENTE EM PARTE,NI,NI,NI,NI,NI,PROCEDENTE EM PARTE,NI,NI,NI,PROCEDENTE EM PARTE,NI,NI,PROCEDENTE EM PARTE,NI,PROCEDENTE EM PARTE,PROCEDENTE EM PARTE,PROCEDENTE EM PARTE,PROCEDENTE EM PARTE,PROCEDENTE EM PARTE,PROCEDENTE EM PARTE,PROCEDENTE,NI,NI,NI,NI,NI,NI,11
278,1266,15.05.1985,DF,CELIO BORJA,20.05.1987,Sociedade civil,Federal,EXECUTIVO FEDERAL,NAO CONHECIDA,POR MAIORIA,12,NI,NAO CONHECIDA,NI,NI,NI,NI,NI,PROCEDENTE,NI,NI,NI,AU,NI,NI,NAO CONHECIDA,NI,NAO CONHECIDA,NAO CONHECIDA,NAO CONHECIDA,NAO CONHECIDA,NAO CONHECIDA,NAO CONHECIDA,PROCEDENTE,NI,NI,NI,NI,NI,NI,10
283,1271,28.06.1985,RJ,RAFAEL MAYER,09.06.1988,Adm Justica,Estadual,GOVERNO ESTADUAL,PROCEDENTE EM PARTE,POR MAIORIA,12,NI,PROCEDENTE EM PARTE,NI,NI,NI,NI,NI,AU,NI,NI,NI,PROCEDENTE EM PARTE,NI,NI,IMPROCEDENTE,NI,PROCEDENTE EM PARTE,IMPROCEDENTE,IMPROCEDENTE,PROCEDENTE EM PARTE,PROCEDENTE EM PARTE,PROCEDENTE EM PARTE,PROCEDENTE EM PARTE,NI,NI,NI,NI,NI,NI,10
289,1277,21.08.1985,ES,FRANCISCO REZEK,04.06.1986,Economia,Estadual,GOVERNO ESTADUAL,PROCEDENTE EM PARTE,POR MAIORIA,12,NI,PROCEDENTE EM PARTE,NI,NI,NI,NI,NI,PROCEDENTE EM PARTE,NI,NI,NI,PROCEDENTE EM PARTE,NI,NI,PROCEDENTE EM PARTE,NI,PROCEDENTE EM PARTE,PROCEDENTE EM PARTE,PROCEDENTE,PROCEDENTE EM PARTE,PROCEDENTE EM PARTE,PROCEDENTE EM PARTE,PROCEDENTE EM PARTE,NI,NI,NI,NI,NI,NI,11
296,1284,11.09.1985,RS,OSCAR CORREA,04.02.1987,Adm Publica,Estadual,LEGISLATIVO ESTADUAL,PROCEDENTE EM PARTE,POR MAIORIA,12,NI,PROCEDENTE EM PARTE,NI,NI,NI,NI,NI,PROCEDENTE EM PARTE,NI,NI,NI,IMPROCEDENTE,NI,NI,IMPROCEDENTE,NI,PROCEDENTE EM PARTE,PROCEDENTE EM PARTE,AU,IMPROCEDENTE,IMPROCEDENTE,PROCEDENTE EM PARTE,PROCEDENTE EM PARTE,NI,NI,NI,NI,NI,NI,10
300,1288,01.10.1985,DF,RAFAEL MAYER,01.10.1986,Sociedade civil,Federal,GOVERNO FEDERAL,PROCEDENTE EM PARTE,POR MAIORIA,12,NI,PROCEDENTE EM PARTE,NI,NI,NI,NI,NI,PROCEDENTE EM PARTE,NI,NI,NI,PROCEDENTE EM PARTE,NI,NI,PROCEDENTE,NI,PROCEDENTE EM PARTE,PROCEDENTE EM PARTE,AU,PROCEDENTE EM PARTE,PROCEDENTE EM PARTE,PROCEDENTE EM PARTE,PROCEDENTE EM PARTE,NI,NI,NI,NI,NI,NI,10
302,1290,04.10.1985,PB,FRANCISCO REZEK,12.11.1986,Federalismo,Estadual,LEGISLATIVO ESTADUAL,PROCEDENTE,POR MAIORIA,12,NI,PROCEDENTE,NI,NI,NI,NI,NI,PROCEDENTE,NI,NI,NI,PROCEDENTE,NI,NI,PROCEDENTE,NI,PROCEDENTE,PROCEDENTE,IMPROCEDENTE,PROCEDENTE,PROCEDENTE,PROCEDENTE,PROCEDENTE,NI,NI,NI,NI,NI,NI,11
305,1293,27.05.1987,DF,SYDNEY SANCHES,16.10.1985,Agentes Justica,Federal,EXECUTIVO FEDERAL,PROCEDENTE EM PARTE,POR MAIORIA,11,NI,PROCEDENTE EM PARTE,NI,NI,NI,NI,NI,PROCEDENTE,NI,NI,NI,PROCEDENTE EM PARTE,NI,NI,PROCEDENTE EM PARTE,NI,PROCEDENTE EM PARTE,PROCEDENTE EM PARTE,AU,PROCEDENTE EM PARTE,PROCEDENTE EM PARTE,NI,NI,NI,NI,NI,NI,PROCEDENTE EM PARTE,NI,9
308,1296,05.11.1985,DF,MOREIRA ALVES,29.09.1988,Sociedade civil,Federal,EXECUTIVO FEDERAL,PROCEDENTE EM PARTE,POR MAIORIA,12,NI,AU,NI,NI,NI,NI,NI,PROCEDENTE EM PARTE,NI,NI,NI,AU,NI,NI,PROCEDENTE EM PARTE,NI,PROCEDENTE EM PARTE,IMPROCEDENTE,PROCEDENTE EM PARTE,PROCEDENTE EM PARTE,PROCEDENTE EM PARTE,PROCEDENTE EM PARTE,PROCEDENTE EM PARTE,NI,NI,NI,NI,NI,NI,9
315,1303,19.12.1985,DF,OCTAVIO GALLOTTI,01.07.1986,Adm Justica,Federal,GOVERNO FEDERAL,NAO CONHECIDA,POR MAIORIA,12,NI,AU,NI,NI,NI,NI,NI,NAO CONHECIDA,NI,NI,NI,NAO CONHECIDA,NI,NI,IMPROCEDENTE,NI,AU,AU,NAO CONHECIDA,NAO CONHECIDA,NAO CONHECIDA,NAO CONHECIDA,NAO CONHECIDA,NI,NI,NI,NI,NI,NI,8
321,1309,04.03.1986,RS,FRANCISCO REZEK,09.04.1987,Agentes Publicos,Estadual,LEGISLATIVO ESTADUAL,PROCEDENTE,POR MAIORIA,12,NI,PROCEDENTE,NI,NI,NI,NI,NI,PROCEDENTE,NI,NI,NI,IMPROCEDENTE,NI,NI,PROCEDENTE,NI,PROCEDENTE,PROCEDENTE,IMPROCEDENTE,PROCEDENTE,IMPROCEDENTE,IMPROCEDENTE,IMPROCEDENTE,NI,NI,NI,NI,NI,NI,11
325,1313,20.03.1986,MS,OSCAR CORREA,10.12.1987,Adm Publica,Estadual,GOVERNO ESTADUAL,PROCEDENTE EM PARTE,POR MAIORIA,12,NI,PROCEDENTE EM PARTE,NI,NI,NI,NI,NI,PROCEDENTE EM PARTE,NI,NI,NI,PROCEDENTE EM PARTE,NI,NI,PROCEDENTE EM PARTE,NI,PROCEDENTE,PROCEDENTE EM PARTE,PROCEDENTE EM PARTE,PROCEDENTE EM PARTE,PROCEDENTE EM PARTE,PROCEDENTE EM PARTE,PROCEDENTE EM PARTE,NI,NI,NI,NI,NI,NI,11
331,1319,11.04.1986,RJ,FRANCISCO REZEK,18.03.1987,Adm Justica,Judicial,PJ,NAO CONHECIDA,POR MAIORIA,12,NI,NAO CONHECIDA,NI,NI,NI,NI,NI,NAO CONHECIDA,NI,NI,NI,NAO CONHECIDA,NI,NI,NAO CONHECIDA,NI,NAO CONHECIDA,NAO CONHECIDA,IMPROCEDENTE,NAO CONHECIDA,NAO CONHECIDA,NAO CONHECIDA,NAO CONHECIDA,NI,NI,NI,NI,NI,NI,11
343,1331,30.05.1986,RS,DJACI FALCAO,22.10.1987,Federalismo,Estadual,LEGISLATIVO ESTADUAL,PROCEDENTE,POR MAIORIA,12,NI,PROCEDENTE,NI,NI,NI,NI,NI,PROCEDENTE,NI,NI,NI,PROCEDENTE,NI,NI,PROCEDENTE,NI,PROCEDENTE,PROCEDENTE,PROCEDENTE,IMPROCEDENTE,IMPROCEDENTE,AU,IMPROCEDENTE,NI,NI,NI,NI,NI,NI,10
351,1339,02.06.1987,RS,CELIO BORJA,01.07.1989,Adm Publica,Estadual,LEGISLATIVO ESTADUAL,PROCEDENTE,POR MAIORIA,13,NI,NI,NI,NI,NI,NI,NI,PROCEDENTE,NI,NI,NI,PROCEDENTE,NI,NI,PROCEDENTE,NI,PROCEDENTE,PROCEDENTE,AU,PROCEDENTE,PROCEDENTE,PROCEDENTE,IMPROCEDENTE,NI,NI,NI,NI,NI,NI,9
361,1349,05.08.1986,DF,ALDIR PASSARINHO,08.09.1988,Adm Publica,Federal,GOVERNO FEDERAL,NAO CONHECIDA,POR MAIORIA,12,NI,NAO CONHECIDA,NI,NI,NI,NI,NI,AU,NI,NI,NI,NAO CONHECIDA,NI,NI,NAO CONHECIDA,NI,NAO CONHECIDA,NAO CONHECIDA,NAO CONHECIDA,NAO CONHECIDA,NAO CONHECIDA,NAO CONHECIDA,CONHECIDA,NI,NI,NI,NI,NI,NI,10
372,1360,16.09.1986,PE,MOREIRA ALVES,22.10.1987,Federalismo,Estadual,LEGISLATIVO ESTADUAL,IMPROCEDENTE,POR MAIORIA,12,NI,IMPROCEDENTE,NI,NI,NI,NI,NI,IMPROCEDENTE,NI,NI,NI,IMPROCEDENTE,NI,NI,IMPROCEDENTE,NI,PROCEDENTE,IMPROCEDENTE,IMPROCEDENTE,IMPROCEDENTE,IMPROCEDENTE,IMPROCEDENTE,IMPROCEDENTE,NI,NI,NI,NI,NI,NI,11
401,1389,26.02.1987,RJ,OSCAR CORREA,23.06.1988,Agentes Publicos,Estadual,GOVERNO ESTADUAL,PROCEDENTE EM PARTE,POR MAIORIA,12,NI,PROCEDENTE EM PARTE,NI,NI,NI,NI,NI,PROCEDENTE EM PARTE,NI,NI,NI,PROCEDENTE EM PARTE,NI,NI,PROCEDENTE EM PARTE,NI,PROCEDENTE EM PARTE,IMPROCEDENTE,PROCEDENTE EM PARTE,PROCEDENTE EM PARTE,PROCEDENTE EM PARTE,PROCEDENTE EM PARTE,PROCEDENTE EM PARTE,NI,NI,NI,NI,NI,NI,11
408,1396,19.03.1987,AL,FRANCISCO REZEK,25.11.1987,Agentes Publicos,Estadual,GOVERNO ESTADUAL,PROCEDENTE EM PARTE,POR MAIORIA,12,NI,PROCEDENTE EM PARTE,NI,NI,NI,NI,NI,PROCEDENTE EM PARTE,NI,NI,NI,PROCEDENTE EM PARTE,NI,NI,PROCEDENTE EM PARTE,NI,IMPROCEDENTE,PROCEDENTE EM PARTE,IMPROCEDENTE,PROCEDENTE EM PARTE,IMPROCEDENTE,IMPROCEDENTE,IMPROCEDENTE,NI,NI,NI,NI,NI,NI,11
413,1401,08.04.1987,GO,CELIO BORJA,12.04.1989,Adm Justica,Estadual,GOVERNO ESTADUAL,PREJUDICADA,POR MAIORIA,13,NI,PREJUDICADA,NI,NI,NI,NI,NI,PREJUDICADA,NI,NI,NI,PREJUDICADA,NI,NI,AU,NI,PREJUDICADA,PREJUDICADA,PREJUDICADA,PREJUDICADA,PREJUDICADA,PREJUDICADA,PREJUDICADA,PROCEDENTE,NI,NI,NI,NI,NI,10
415,1403,08.04.1987,MG,CARLOS MADEIRA,20.04.1988,Politica tributaria,Estadual,GOVERNO ESTADUAL,PROCEDENTE,POR MAIORIA,12,NI,PROCEDENTE,NI,NI,NI,NI,NI,PROCEDENTE,NI,NI,NI,PROCEDENTE,NI,NI,PROCEDENTE,NI,PROCEDENTE,PROCEDENTE,PROCEDENTE,PROCEDENTE,PROCEDENTE,PROCEDENTE,PROCEDENTE,NI,NI,NI,NI,NI,NI,11
422,1410,23.04.1987,SP,ALDIR PASSARINHO,03.12.1987,Agentes Publicos,Estadual,LEGISLATIVO ESTADUAL,PROCEDENTE,POR MAIORIA,12,NI,PROCEDENTE,NI,NI,NI,NI,NI,PROCEDENTE,NI,NI,NI,PROCEDENTE,NI,NI,PROCEDENTE,NI,AU,PROCEDENTE,IMPROCEDENTE,PROCEDENTE,IMPROCEDENTE,PROCEDENTE,IMPROCEDENTE,NI,NI,NI,NI,NI,NI,10
430,1418,05.05.1987,RS,NERI DA SILVEIRA,24.02.1988,Adm Publica,Estadual,GOVERNO ESTADUAL,PROCEDENTE,POR MAIORIA,12,NI,PROCEDENTE,NI,NI,NI,NI,NI,PROCEDENTE,NI,NI,NI,IMPROCEDENTE,NI,NI,IMPROCEDENTE,NI,PROCEDENTE,PROCEDENTE,PROCEDENTE,PROCEDENTE,IMPROCEDENTE,PROCEDENTE,PROCEDENTE,NI,NI,NI,NI,NI,NI,11
438,1426,15.05.1987,RS,NERI DA SILVEIRA,10.12.1987,Agentes Publicos,Estadual,GOVERNO ESTADUAL,PROCEDENTE EM PARTE,POR MAIORIA,12,NI,PROCEDENTE EM PARTE,NI,NI,NI,NI,NI,PROCEDENTE EM PARTE,NI,NI,NI,PROCEDENTE EM PARTE,NI,NI,PROCEDENTE EM PARTE,NI,IMPROCEDENTE,IMPROCEDENTE,IMPROCEDENTE,PROCEDENTE EM PARTE,IMPROCEDENTE,PROCEDENTE EM PARTE,IMPROCEDENTE,NI,NI,NI,NI,NI,NI,11
471,1459,08.09.1987,RS,DJACI FALCAO,25.02.1988,Federalismo,Estadual,GOVERNO ESTADUAL,IMPROCEDENTE,POR MAIORIA,12,NI,IMPROCEDENTE,NI,NI,NI,NI,NI,IMPROCEDENTE,NI,NI,NI,IMPROCEDENTE,NI,NI,IMPROCEDENTE,NI,IMPROCEDENTE,IMPROCEDENTE,IMPROCEDENTE,IMPROCEDENTE,IMPROCEDENTE,PROCEDENTE,IMPROCEDENTE,NI,NI,NI,NI,NI,NI,11
503,1491,09.11.1987,DF,CELIO BORJA,12.04.1989,Politica tributaria,Federal,GOVERNO FEDERAL,PREJUDICADA,POR MAIORIA,13,NI,PREJUDICADA,NI,NI,NI,NI,NI,AU,NI,NI,NI,NI,NI,NI,PREJUDICADA,NI,AU,PREJUDICADA,PREJUDICADA,PREJUDICADA,PREJUDICADA,PREJUDICADA,PREJUDICADA,PROCEDENTE,NI,NI,NI,NI,NI,8
515,1503,02.02.1988,MT,CARLOS MADEIRA,07.06.1989,Agentes Justica,Estadual,GOVERNO ESTADUAL,PREJUDICADA,POR MAIORIA,13,NI,PREJUDICADA,NI,NI,NI,NI,NI,PREJUDICADA,NI,NI,NI,PREJUDICADA,NI,NI,AU,NI,PREJUDICADA,PREJUDICADA,PREJUDICADA,PREJUDICADA,PREJUDICADA,PREJUDICADA,PREJUDICADA,PROCEDENTE,NI,NI,NI,NI,NI,10
622,1610,31.08.1988,DF,MOREIRA ALVES,19.10.1988,Agentes Publicos,Federal,EXECUTIVO FEDERAL,PREJUDICADA,POR MAIORIA,12,NI,PREJUDICADA,NI,NI,NI,NI,NI,PREJUDICADA,NI,NI,NI,PREJUDICADA,NI,NI,PREJUDICADA,NI,PREJUDICADA,PROCEDENTE,PREJUDICADA,PREJUDICADA,PREJUDICADA,PREJUDICADA,PREJUDICADA,NI,NI,NI,NI,NI,NI,11
